Role,Office,Area Covered,Contact,Official Handle,Source URL,Last Verified
Citizen complaint helpline,PMC CARE (Pune Municipal Corporation),All PMC areas,Toll-free 1800-1030-222; WhatsApp 96899 00002,@PMCPune,https://x.com/PMCPune/status/1468847805150076936,Not yet verified
Ward office,Nagar Road–Vadgaonsheri Ward Office,Kharadi; Wadgaon Sheri; Chandan Nagar; Viman Nagar (confirm),Zunjar Housing Society Vadgaonsheri Nagar Road Pune 411014,@PMCPune,https://www.pmc.gov.in/en/nagar-road-vadgaonsheri-ward-office,Not yet verified
Ward office,Hadapsar–Mundhwa Ward Office,Mundhwa; Keshavnagar (confirm),See PMC website,@PMCPune,https://www.pmc.gov.in,Not yet verified
Sewage project (STPs),PMC Drainage Department – JICA / PARMM project cell,Mundhwa 20 MLD and Kharadi 30 MLD STPs,PMC Head Office Shivajinagar,@PMCPune,https://www.mypunepulse.com/pune-mula-mutha-river-pollution-control-project-gains-momentum-five-stps-targeted-for-completion-by-december-2026/,Not yet verified
Escalation,Municipal Commissioner PMC,Whole city,PMC Head Office Shivajinagar,@PMCPune,https://www.pmc.gov.in,Not yet verified
Pollution regulator,MPCB Regional Office Pune,Pune Satara Solapur districts,ropune@mpcb.gov.in; 020-25811627; Jog Center 3rd floor Wakdewadi Pune 411003,@mpcb_official,https://www.mpcb.gov.in/en/about-us/offices/pune,Not yet verified
Pollution regulator,MPCB Sub-Regional Office Pune-I,Pune Municipal Corporation area,sropune1@mpcb.gov.in; 020-25811694,@mpcb_official,https://www.mpcb.gov.in/en/about-us/offices/pune,Not yet verified
Corporators (4),Prabhag 4 Kharadi–Wagholi,Kharadi,Check PMC corporator list,,https://en.wikipedia.org/wiki/2026_Pune_Municipal_Corporation_election,Not yet verified
Corporators (4),Prabhag 3 Vimannagar–Lohegaon,Viman Nagar,Check PMC corporator list,,https://en.wikipedia.org/wiki/2026_Pune_Municipal_Corporation_election,Not yet verified
Corporators (4),Prabhag 5 Kalyaninagar–Vadgaonsheri,Wadgaon Sheri (Chandan Nagar to confirm),Check PMC corporator list,,https://en.wikipedia.org/wiki/2026_Pune_Municipal_Corporation_election,Not yet verified
Corporators (4),Prabhag 14 Koregaon Park–Ghorpadi–Mundhwa,Mundhwa,Check PMC corporator list,,https://en.wikipedia.org/wiki/2026_Pune_Municipal_Corporation_election,Not yet verified
Corporators (4),Prabhag 15 Manjri Bk–Keshavnagar–Sadesatranali,Keshavnagar,Check PMC corporator list,,https://en.wikipedia.org/wiki/2026_Pune_Municipal_Corporation_election,Not yet verified
Mayor,Pune Municipal Corporation – Manjusha Nagpure,Whole city,PMC Head Office,,https://www.punekarnews.in/?p=227956,Not yet verified
MLA,Vadgaon Sheri Assembly – Bapusaheb Pathare,Kharadi; Viman Nagar; Wadgaon Sheri; Chandan Nagar,,,https://indiavotes.com/vidhan-sabha/maharashtra/2024/vadgaol-sheri/,Not yet verified
MLA,Hadapsar Assembly – Chetan Tupe,Mundhwa; Keshavnagar (confirm),,,https://www.indiavotes.com/vidhan-sabha/maharashtra/2024/hadapsar/,Not yet verified
MP,Pune Lok Sabha – Murlidhar Mohol,Vadgaon Sheri assembly area,,,https://en.wikipedia.org/wiki/Pune_Lok_Sabha_constituency,Not yet verified
MP,Shirur Lok Sabha – Dr Amol Kolhe,Hadapsar assembly area,,,https://en.wikipedia.org/wiki/Shirur_Lok_Sabha_constituency,Not yet verified
