ID,Name,Latitude,Longitude,Type,Date Seen,Photo Link,Description,Source,Verified By,Last Verified,Prabhag,Ward Office,Assembly Constituency,Lok Sabha Constituency,Project That Should Fix It,Project Link Basis,Problem Type (if not default)
HS-01,Old Keshavnagar–Kharadi Bridge weir (bandhara),18.546297,73.951499,weir,2026-09-29,,"Thick white froth below the weir across most of the river width; turbid grey water. Froth still across the weir on 9 Oct 2026 (seen from the Keshavnagar bank, 18.544415, 73.951621)",Team field visits 29 Sep 2026 and 9 Oct 2026 (GPS Map Camera photos),Pranav Patil,2026-10-09,4 / 15,Nagar Road–Vadgaonsheri / Hadapsar–Mundhwa (confirm),Vadgaon Sheri / Hadapsar (confirm),Pune / Shirur,To confirm,"Ask the ward office (question 4); if nobody knows, the Step 5 RTI asks. Desk candidates: froth below the weir comes from untreated sewage upstream. Nearest plants: PRJ-02 Kharadi (north bank), PRJ-03 Keshavnagar (south bank), PRJ-04 old Mundhwa (upstream, rated Non-Comply)",
HS-02,Sewage outfall near the old bridge (Kharadi bank),18.546314,73.950716,outfall,2026-09-29,,"Concrete culvert under a tree on the Kharadi (north) bank discharging a strong flow of greenish, foamy wastewater towards the river; algae on the pipes below. About 80 m upstream of the weir (HS-01) and about 150 m from the old Kharadi sewage plant (PRJ-05)","Team field visits 29 Sep 2026 and 9 Oct 2026 (GPS Map Camera photo, 9 Oct 11:17)",Pranav Patil,2026-10-09,4,Nagar Road–Vadgaonsheri,Vadgaon Sheri (confirm),Pune,To confirm,"9 Oct GPS puts this outfall on the Kharadi (north) bank, so the desk candidate is PRJ-02 (new Kharadi plant). It is also about 150 m from the old Kharadi plant (PRJ-05) and may be that plant's own outlet. Ask the ward office (question 4) which line this is and which plant its sewage should go to; if nobody knows, RTI-01 asks",
HS-03,Garbage dumped on the riverbank beside the old bridge,18.546442,73.951494,dumping,2026-09-29,,"Large spread of plastic bags, clothes, sacks, wood and dark burnt-looking fibrous waste on the rocky Kharadi bank at the old bridge; still there on 9 Oct 2026","Team field visits 29 Sep 2026 and 9 Oct 2026 (GPS Map Camera photo, 9 Oct 11:17)",Pranav Patil,2026-10-09,4,Nagar Road–Vadgaonsheri,Vadgaon Sheri (confirm),Pune,Not a sewage problem,"Garbage dumping is handled by the ward office's solid waste department (see Routing Rules), not by a sewage plant",
HS-04,Waste on the bridge walkway,TO VERIFY,TO VERIFY,dumping,2026-09-29,,Plastic and cloth waste left along the bridge; waste thrown into the river from here,Team field visit 29 Sep 2026,,,,,,,Not a sewage problem,"Garbage dumping is handled by the ward office's solid waste department (see Routing Rules), not by a sewage plant",
HS-05,Water sample point below the weir,TO VERIFY,TO VERIFY,weir,2026-09-29,,"Bottled samples were turbid and yellowish-grey, with suspended particles",Team field visit 29 Sep 2026,,,,,,,To confirm,"Same as HS-01: water below the weir carries all upstream sewage. Ask the ward office (question 4); if nobody knows, the Step 5 RTI asks",
HS-06,Garbage dump on Grant Road (EON Free Zone side),18.547827,73.949190,dumping,2026-10-09,,"Large mixed-waste dump on open ground beside Grant Road: sacks, clothes, plastic, thermocol and an old office chair. More plastic waste along the dirt track by the fence towards the river (18.547723, 73.949218)","Team field visit 9 Oct 2026 (GPS Map Camera photos, 11:15–11:16)",Pranav Patil,2026-10-09,4,Nagar Road–Vadgaonsheri,Vadgaon Sheri (confirm),Pune,Not a sewage problem,"Garbage dumping is handled by the ward office's solid waste department (see Routing Rules), not by a sewage plant",
HS-07,"Open nalla near Grant Road, Kharadi",18.547792,73.949241,nalla,2026-10-09,,"Open earth channel carrying dark wastewater from an opening in the road's retaining wall, with plastic and waste along it. Grey water pools around a broken concrete chamber beside it (18.547822, 73.949192). The channel meets the river at 18.547289, 73.949595, where water hyacinth collects","Team field visit 9 Oct 2026 (GPS Map Camera photos, 11:15–11:16)",Pranav Patil,2026-10-09,4,Nagar Road–Vadgaonsheri,Vadgaon Sheri (confirm),Pune,To confirm,"Kharadi (north) bank; the nalla meets the river about 120 m upstream of HS-02. Ask the ward office (question 4) which drainage line feeds this nalla and which plant it should go to; desk candidate PRJ-02 (new Kharadi plant). If nobody knows, add it to RTI-01",
HS-08,Rubble pushed into the river at Keshav Nagar Bridge,18.543730,73.944290,dumping,2026-10-09,,"Excavator working on a strip of rubble and soil built out into the river beside Keshav Nagar Bridge; more rubble and a concrete pipe on the far bank. Not yet known which project or contractor this is, or whether it is permitted","Team field visit 9 Oct 2026 (GPS Map Camera photos from the bridge, 11:54–11:55)",Pranav Patil,2026-10-09,4 / 15 (confirm),Nagar Road–Vadgaonsheri / Hadapsar–Mundhwa (confirm),Vadgaon Sheri / Hadapsar (confirm),Pune / Shirur,Not a sewage problem,"Construction debris goes to the ward office (Routing Rules: Construction debris in riverbed). First find out which project the excavator belongs to and which bank it works from; if it is permitted work, record the project and permit instead of a complaint",Construction debris in riverbed
HS-09,Froth line below Keshav Nagar Bridge,18.545048,73.943934,weir,2026-10-09,,"White froth line across the river just below Keshav Nagar Bridge, where the water drops over a step (weir to confirm). Greenish water with floating plastic and hyacinth along the Kharadi bank (18.543727, 73.944289)","Team field visit 9 Oct 2026 (GPS Map Camera photos from the bridge, 11:54–11:55)",Pranav Patil,2026-10-09,4 / 15,Nagar Road–Vadgaonsheri / Hadapsar–Mundhwa (confirm),Vadgaon Sheri / Hadapsar (confirm),Pune / Shirur,To confirm,"Same reasoning as HS-01: froth comes from untreated sewage upstream. Upstream plants: PRJ-01 (new Mundhwa) and PRJ-04 (old Mundhwa, rated Non-Comply). Ask the ward office (question 4); if nobody knows, the RTI asks",
