Project ID,Reported On,Promised Date,What Was Promised or Reported,Source ID,Type,Notes
PRJ-01,2016-01-13,2022-01,"Whole Mula-Mutha (JICA) project, including the new Mundhwa plant, to be completed by January 2022",SRC-01,Original deadline,Loan agreement signed with JICA
PRJ-01,2026-01-28,,"Mundhwa plant ""almost complete""; dry runs done, wet testing with sewage to begin shortly",SRC-03,Status report,
PRJ-01,2026-04-14,2026-06,Mundhwa among four plants to be fully operational by June 2026,SRC-12,Revised target,
PRJ-01,2026-04-14,2026-12,Whole project deadline moved from March 2026 to December 2026,SRC-16,Revised target,"Applies to the whole project, not only Mundhwa"
PRJ-01,2026-08-12,,PMC says four new plants (81 MLD) are operational,SRC-02,Status report,Mundhwa not named; inferred from the totals (28 + 26 + 20 + 7 = 81 MLD). Confirm by RTI-02
PRJ-01,2026-10-09,,"Team site visit: plant building with the board ""20 MLD Mundhwa Sewage Treatment Plant"" (PMC), staff on duty, and an on-site water-testing laboratory (benchtop meters, glassware, a burette stand, a wall-mounted water distiller). Some equipment and supplies were still in bubble wrap and cardboard boxes",SRC-47,Site visit,"Staff were busy (working hours) and did not answer questions, so whether the plant is treating sewage, and how much, is still unconfirmed. The packed equipment suggests the lab was set up recently; that is our reading of the photos, not a statement from PMC"
PRJ-02,2016-01-13,2022-01,"Whole Mula-Mutha (JICA) project, including the Kharadi plant, to be completed by January 2022",SRC-01,Original deadline,Loan agreement signed with JICA
PRJ-02,2026-01-28,2026-03,Kharadi trial operations to begin within the next two months,SRC-03,Revised target,"""Within two months"" of 28 Jan 2026"
PRJ-02,2026-04-14,2026-07,Kharadi expected to start operations by the end of July 2026,SRC-16,Revised target,"Pune Pulse (SRC-12) on the same day said ""by July"""
PRJ-02,2026-04-14,2026-12,Whole project deadline moved from March 2026 to December 2026,SRC-16,Revised target,Applies to the whole project
PRJ-02,2026-08-12,2026-12,Five more plants (290 MLD) to be commissioned by December 2026,SRC-02,Revised target,Kharadi not named; inferred to be among the five. Confirm by RTI-02
PRJ-03,2023-06-22,,PMC to build a new plant at Keshavnagar from its own budget,SRC-11,Announcement,No date given
PRJ-03,2026-03,2026-09,"Keshavnagar 12 MLD: ""Proposed – work order issued"", target September 2026",SRC-13,Official target,"State's monthly progress report to the NGT, March 2026. Target has passed with no report of completion"
PRJ-06,2023-08-25,,Upgrade proposals for six old plants sent for approval; about two more years expected before the work cuts pollution,SRC-15,Announcement,That list of six did not include Mundhwa or Kharadi
PRJ-06,2025-09-23,,"AMRUT 2.0 upgrade (₹842.85 crore): tenders invited, three bids received; no completion date given",SRC-14,Status report,Mundhwa and Kharadi named as plants to be modernised
