ID,Project,Capacity (MLD),Type,Scheme / Funding,Original Deadline,Current Target,Latest Reported Status,Status Date,Source IDs,Source Links,Website Label,Confirmed By,Confirmed Date,Notes / What to Confirm
PRJ-01,"Mundhwa sewage plant (new, JICA project)",20,New plant,"PARMM / JICA loan under the National River Conservation Plan (Centre 85%, PMC 15%)",January 2022 (whole project),December 2026 (whole project); Mundhwa was due to be fully running by June 2026,"Reported running. PMC said 4 new plants totalling 81 MLD are operational. In April, the four due by June were Warje, Wadgaon, Mundhwa and Hadapsar, which add up to exactly 81 MLD (28 + 26 + 20 + 7)",2026-08-12,"SRC-02, SRC-12, SRC-03","SRC-02: Pune Pulse, 12 Aug 2026
SRC-12: Pune Pulse, 14 Apr 2026
SRC-03: Free Press Journal, Jan 2026",Announced (not confirmed),,,"The August report does not name the four plants; Mundhwa being one of them is our inference from the totals. Team site visit 9 Oct 2026 (SRC-47): building, board, staff and an on-site lab seen, some lab equipment still packed; staff did not say whether it is treating sewage. Label stays ""Announced"" until operation is confirmed. Confirm at the ward office (question 4) or by RTI: date commissioned, sewage actually treated (MLD), which nallas feed it"
PRJ-02,"Kharadi sewage plant (new, JICA project)",30,New plant,"PARMM / JICA loan under the National River Conservation Plan (Centre 85%, PMC 15%)",January 2022 (whole project),December 2026,"Not reported running. Trial runs were expected by March 2026 (January report), then 'operational by July' (April report). In August PMC said 5 more plants would start by December 2026",2026-08-12,"SRC-03, SRC-12, SRC-02, SRC-16","SRC-03: Free Press Journal, Jan 2026
SRC-12: Pune Pulse, 14 Apr 2026
SRC-02: Pune Pulse, 12 Aug 2026
SRC-16: Projects Monitor, 14 Apr 2026",Announced (not confirmed),,,Target has slipped at least twice. Confirm current progress and the expected start date
PRJ-03,Keshavnagar sewage plant (PMC-funded),12,New plant,PMC's own budget,Not stated,September 2026,"Listed as ""Proposed – work order issued"" in the state's March 2026 progress report to the NGT",March 2026 report,"SRC-13, SRC-11","SRC-13: Maharashtra progress report to NGT, Mar 2026
SRC-11: Punekar News, 22 Jun 2023",Announced (not confirmed),,,"The September 2026 target has passed with no report of completion. Do not confuse it with the 4 MLD 'Keshavnagar' plant listed under Pimpri Chinchwad in the same report. Confirm site, % progress and new date"
PRJ-04,Old Mundhwa sewage plant (existing),45,Existing plant,PMC,Not applicable,Not applicable,Running at 45 MLD but rated 'Non-Comply': treated water does not meet discharge standards,March 2026 report,"SRC-13, SRC-04","SRC-13: Maharashtra progress report to NGT, Mar 2026
SRC-04: MPCB progress report, Sep 2024",Official report,,,"Also rated Non-Comply in September 2024, so failing for at least 18 months. Ask MPCB Sub-Regional Office Pune-I what action it has taken"
PRJ-05,Old Kharadi sewage plant (existing),40,Existing plant,PMC,Not applicable,Not applicable,"Running at 40 MLD, rated 'Comply'",March 2026 report,"SRC-13, SRC-04","SRC-13: Maharashtra progress report to NGT, Mar 2026
SRC-04: MPCB progress report, Sep 2024",Official report,,,Rated Non-Comply in September 2024 but Comply in March 2026. Ask MPCB for the latest test results before the website says it is working
PRJ-06,Upgrade of six old sewage plants (AMRUT 2.0),City-wide: 477 to 566 MLD,Upgrade,"AMRUT 2.0, ₹842.85 crore (Centre, State, PMC and private partner)",Not stated,Not stated,Tenders invited; three bids received and documents scrutinised. Contract not yet awarded,2025-09-23,"SRC-14, SRC-15","SRC-14: The Bridge Chronicle, 23 Sep 2025
SRC-15: Pune Pulse, 25 Aug 2023",Conflicting reports,,,"Unclear whether Mundhwa and Kharadi are included. September 2025 reports say they 'will also be modernised', but the 2023 list of the six plants leaves them out. Confirm by RTI: list of plants, award date, timeline"
