Problem Type,What You See,First Contact,How to Reach,Also Inform,Escalate If No Action,What to Include,Why This Office,Source IDs,Source Links,Status,Confirmed By / Date,Complaint Template
Sewage outfall or nalla,"Pipe or open drain pouring grey, black or foamy water into the river","PMC Drainage Department, via the ward office","PMC CARE: WhatsApp 96899 00002, toll-free 1800-1030-222, X @PMCPune",Prabhag corporators. MPCB SRO Pune-I if the pipe comes from a treatment plant or factory,"1) Ward office Assistant Commissioner after the token deadline passes. 2) Municipal Commissioner, copying the corporators. 3) RTI to the Drainage Department","Hotspot ID, GPS photo, exact location, date and time, PMC token number",PMC runs the city's sewers and sewage treatment plants,"SRC-13, SRC-24","SRC-13: Maharashtra progress report to NGT, Mar 2026
SRC-24: @PMCPune on X, 9 Dec 2021",Draft (confirm),,"Sewage is flowing into the Mula-Mutha river from a [pipe / open drain] at [landmark] ([latitude, longitude]), Prabhag [number], [ward office name] ward office area. I saw it on [date] at [time]. The water is [grey / black / foamy] and [smell]. Photo attached. Please send the Drainage Department to inspect the line and stop the discharge, and share the action taken. Hotspot ID: [HS-xx]. [Your name], resident of [area]."
Treatment plant not working,Untreated or smelly water leaving a sewage treatment plant outlet,MPCB Sub-Regional Office Pune-I,"sropune1@mpcb.gov.in, 020-25811694, MPCB E-Catalyst app, X @mpcb_official",PMC Drainage Department (JICA project cell for new plants),1) MPCB Regional Office Pune (ropune@mpcb.gov.in). 2) RTI to MPCB for the plant's test reports,"Plant name, photo of the outlet, date and time, smell and colour",MPCB checks that treatment plants meet discharge standards,"SRC-06, SRC-19, SRC-13","SRC-06: MPCB Pune offices page
SRC-19: Pune Pulse, 26 Mar 2023
SRC-13: Maharashtra progress report to NGT, Mar 2026",Draft (confirm),,"Water leaving the [plant name] sewage treatment plant outlet at [landmark] appears untreated. On [date] at [time] it was [colour] with a [smell] smell. Photo attached. Please inspect whether the plant is meeting MPCB discharge standards and share the result. Location: [latitude, longitude]. Hotspot ID: [HS-xx]. [Your name], resident of [area]."
Garbage dumping,"Plastic, cloth or household waste on the bank, or thrown from the bridge","PMC Solid Waste Management, via the ward office","PMC CARE: WhatsApp 96899 00002, toll-free 1800-1030-222, X @PMCPune",Prabhag corporators,1) Ward office Assistant Commissioner. 2) Raise it at the ward's mohalla committee meeting,"Hotspot ID, photo, location, how large the pile is, whether it is new",PMC collects and clears solid waste in the city,"SRC-24, SRC-17","SRC-24: @PMCPune on X, 9 Dec 2021
SRC-17: Punekar News, 8 Apr 2026",Draft (confirm),,"Garbage is being dumped on the Mula-Mutha riverbank at [landmark] ([latitude, longitude]), Prabhag [number], [ward office name] ward office area. The pile is [small / medium / large] and includes [plastic / cloth / household waste]. Seen on [date] at [time]; photo attached. Please clear the waste and arrange to stop further dumping at this spot. Hotspot ID: [HS-xx]. [Your name], resident of [area]."
Construction debris in riverbed,"Rubble, soil or building waste dumped into the river or a nalla",PMC ward office (construction waste),"PMC CARE, plus a written complaint at the ward office","PMC Building Permission Department, prabhag corporators, MPCB SRO Pune-I",1) Municipal Commissioner. 2) RTI asking which project the debris came from and what action was taken,"Photos, location, vehicle or site name if seen from a safe distance, date and time",Keshavnagar residents reported builders dumping debris here in July 2026,"SRC-18, SRC-24","SRC-18: Punekar News, 2 Jul 2026
SRC-24: @PMCPune on X, 9 Dec 2021",Draft (confirm),,"Construction debris has been dumped into the [Mula-Mutha riverbed / nalla] at [landmark] ([latitude, longitude]), Prabhag [number]. Seen on [date] at [time]; photos attached. [If seen from a safe distance: vehicle or site details.] Please inspect, remove the debris, and take action under the construction and demolition waste rules. Please also share which project the debris came from. Hotspot ID: [HS-xx]. [Your name], resident of [area]."
Froth or foam at the weir,Thick white foam below the bandhara,MPCB Sub-Regional Office Pune-I,"sropune1@mpcb.gov.in, 020-25811694, MPCB E-Catalyst app",PMC Drainage Department,1) MPCB Regional Office Pune. 2) RTI for water-quality readings at Mundhwa Bridge (station 2192),"Photo or short video, date and time, how far the foam spreads",Foam usually comes from detergents in untreated sewage; MPCB monitors river water quality,"SRC-06, SRC-05","SRC-06: MPCB Pune offices page
SRC-05: MPCB / TERI water quality report 2022-23",Draft (confirm),,"Thick white foam has formed on the Mula-Mutha river below the weir at the Old Keshavnagar–Kharadi bridge ([latitude, longitude]). On [date] at [time] it covered about [extent]. Photo or video attached. Please test the water at this point and identify the source of the discharge causing the foam. Hotspot ID: [HS-xx]. [Your name], resident of [area]."
Dead fish,Dead fish floating or washed up on the bank,"MPCB Sub-Regional Office Pune-I, the same day","020-25811694, sropune1@mpcb.gov.in, plus PMC CARE","Jeevitnadi (NGO), local media if large",MPCB Regional Office Pune. The NGT took up a similar case on its own (OA 214/2024),"Photos, rough count, location, date and time, colour and smell of the water",A fish kill points to sudden pollution; MPCB investigates the source,"SRC-06, SRC-20","SRC-06: MPCB Pune offices page
SRC-20: NGT OA 214/2024, PMC rejoinder",Draft (confirm),,"URGENT: Dead fish are floating in the Mula-Mutha river at [landmark] ([latitude, longitude]). I counted about [number] on [date] at [time]. The water is [colour] with a [smell] smell. Photos attached. Please collect water samples today and investigate the source. Hotspot ID: [HS-xx]. [Your name], resident of [area]."
Water hyacinth or weeds,Green weed covering the water and blocking the flow,"Hyacinth in the river: PMC via PMC CARE, tagging the ward office health inspector. Hyacinth in the Baby Canal: Khadakwasla Irrigation Division","PMC CARE: WhatsApp 96899 00002, toll-free 1800-1030-222, X @PMCPune. Baby Canal: Khadakwasla Irrigation Division office (address to confirm)","Prabhag corporators. PMC says the weed drifts down from Pimpri Chinchwad (PCMC) and Khadki Cantonment areas upstream, so copy those bodies if it keeps coming back. For the Baby Canal, copy the PMC Environment Department","1) PMC Environment Department (holds the hyacinth removal contract). 2) PMC Assistant Health Officer, vector-borne disease control (mosquitoes). 3) Municipal Commissioner, copying the corporators. 4) RTI to the Environment Department for the contract and work order","Photos, how much of the river is covered, location",PMC removes hyacinth from the river: its Environment Department holds the removal contracts (Feb 2026) and its Health Department spots the weed and sprays for mosquitoes. The Irrigation Division controls only the Baby Canal. PMC blames upstream growth in PCMC and Khadki Cantonment areas (Mar 2026). Full evidence: Research Log RES-03,"SRC-37, SRC-25, SRC-27, SRC-21, SRC-24","SRC-37: Research Note RES-03 (Google Doc)
SRC-25: Pudhari, 24 Feb 2026
SRC-27: Pune Pulse, 19 Feb 2025
SRC-21: Free Press Journal, 1 Mar 2026
SRC-24: @PMCPune on X, 9 Dec 2021",Changed after check,"Pranav Patil (doc check), 2026-10-09: corrected after no source was found for the Irrigation Department, then rewritten from desk research RES-03. Ward office still to confirm the contract holder and officer","Water hyacinth is covering the Mula-Mutha river at [landmark] ([latitude, longitude]), Prabhag [number]. About [extent] of the river is covered and the flow is blocked. Seen on [date]; photo attached. Please arrange for the weed to be removed, or tell me which department is responsible for this stretch. [Your name], resident of [area]."
Mosquito breeding,Swarms of mosquitoes near still water by the river,PMC Health Department (insect control),"PMC CARE, X @PMCPune",Prabhag corporators,Ward office Assistant Commissioner,"Location, date and time, photo or video of swarms",PMC carries out mosquito control and has sprayed this stretch by drone,"SRC-22, SRC-23, SRC-24","SRC-22: Pune Pulse, 4 May 2023
SRC-23: Pune Pulse, 20 Apr 2025
SRC-24: @PMCPune on X, 9 Dec 2021",Draft (confirm),,"Large numbers of mosquitoes are breeding near still water by the Mula-Mutha river at [landmark] ([latitude, longitude]), Prabhag [number]. Seen on [date] at [time]; photo or video attached. Please arrange mosquito control at this spot. [Your name], resident of [area]."
Delay in sewage treatment plant project,"A plant past its announced date, or a sewer line not connected",PMC JICA project cell (Drainage Department),"Letter to the Superintending Engineer, JICA project, PMC Head Office, Shivajinagar",MLA for the area,1) CPGRAMS grievance to the National River Conservation Directorate. 2) RTI for project status and dates,"Project name, the date that was promised and its source, current state seen on site",PMC is the implementing agency for the JICA-funded project,"SRC-01, SRC-16, SRC-02","SRC-01: PIB (Govt of India), 13 Jan 2016
SRC-16: Projects Monitor, 14 Apr 2026
SRC-02: Pune Pulse, 12 Aug 2026",Draft (confirm),,"To the Superintending Engineer, JICA Project (PARMM), Pune Municipal Corporation. The [plant name] sewage treatment plant was announced to start by [promised date] ([source]). On [date] we observed [what was seen, e.g. sewage still entering the river at nearby outfall HS-xx]. Please share the plant's current status, the revised completion date, and when the sewer lines serving [area] will be connected. [Your name], resident of [area]."
